start_time	bin_size	geography	provider_id	vehicle_type	event_counts	vehicle_counts	trip_count	vehicle_trips_count	event_time_violations	telemetry_distance_violations	bad_events	sla
1575542640015	hour		c20e08cf-8488-46a6-a66c-5d8fb827f7e0	scooter	{"service_start":0,"provider_drop_off":0,"trip_end":0,"cancel_reservation":0,"reserve":0,"service_end":0,"trip_start":0,"trip_enter":0,"trip_leave":0,"register":16,"provider_pick_up":0,"agency_drop_off":0,"deregister":0,"agency_pick_up":0}	{"registered":16,"deployed":0,"dead":null}	0	{"0":0,"1":0,"2":0,"3":0,"4":0,"5":0}	{"start_end":{"count":0},"enter_leave":{"count":0},"telemetry":{"count":0}}	{"count":0,"min":0,"max":0,"average":0}	{"invalid_count":null,"duplicate_count":null,"out_of_order_count":null}	{"max_vehicle_cap":1600,"min_registered":100,"min_trip_start_count":100,"min_trip_end_count":100,"min_telemetry_count":1000,"max_start_end_time":30,"max_enter_leave_time":30,"max_telemetry_time":86400,"max_telemetry_distance":100}
1575542640015	hour		63f13c48-34ff-49d2-aca7-cf6a5b6171c3	scooter	{"service_start":0,"provider_drop_off":0,"trip_end":0,"cancel_reservation":0,"reserve":0,"service_end":0,"trip_start":0,"trip_enter":0,"trip_leave":0,"register":39,"provider_pick_up":0,"agency_drop_off":0,"deregister":0,"agency_pick_up":0}	{"registered":39,"deployed":0,"dead":null}	0	{"0":0,"1":0,"2":0,"3":0,"4":0,"5":0}	{"start_end":{"count":0},"enter_leave":{"count":0},"telemetry":{"count":0}}	{"count":0,"min":0,"max":0,"average":0}	{"invalid_count":null,"duplicate_count":null,"out_of_order_count":null}	{"max_vehicle_cap":1600,"min_registered":100,"min_trip_start_count":100,"min_trip_end_count":100,"min_telemetry_count":1000,"max_start_end_time":30,"max_enter_leave_time":30,"max_telemetry_time":86400,"max_telemetry_distance":100}
1575542640015	hour		2411d395-04f2-47c9-ab66-d09e9e3c3251	scooter	{"service_start":0,"provider_drop_off":0,"trip_end":0,"cancel_reservation":0,"reserve":0,"service_end":0,"trip_start":0,"trip_enter":0,"trip_leave":0,"register":57,"provider_pick_up":0,"agency_drop_off":0,"deregister":0,"agency_pick_up":0}	{"registered":57,"deployed":0,"dead":null}	0	{"0":0,"1":0,"2":0,"3":0,"4":0,"5":0}	{"start_end":{"count":0},"enter_leave":{"count":0},"telemetry":{"count":0}}	{"count":0,"min":0,"max":0,"average":0}	{"invalid_count":null,"duplicate_count":null,"out_of_order_count":null}	{"max_vehicle_cap":1600,"min_registered":100,"min_trip_start_count":100,"min_trip_end_count":100,"min_telemetry_count":1000,"max_start_end_time":30,"max_enter_leave_time":30,"max_telemetry_time":86400,"max_telemetry_distance":100}
1575542640015	hour		6ddcc0ad-1d66-4046-bba4-d1d96bb8ca4d	scooter	{"service_start":0,"provider_drop_off":0,"trip_end":0,"cancel_reservation":0,"reserve":0,"service_end":0,"trip_start":0,"trip_enter":0,"trip_leave":0,"register":68,"provider_pick_up":0,"agency_drop_off":0,"deregister":0,"agency_pick_up":0}	{"registered":68,"deployed":0,"dead":null}	0	{"0":0,"1":0,"2":0,"3":0,"4":0,"5":0}	{"start_end":{"count":0},"enter_leave":{"count":0},"telemetry":{"count":0}}	{"count":0,"min":0,"max":0,"average":0}	{"invalid_count":null,"duplicate_count":null,"out_of_order_count":null}	{"max_vehicle_cap":1600,"min_registered":100,"min_trip_start_count":100,"min_trip_end_count":100,"min_telemetry_count":1000,"max_start_end_time":30,"max_enter_leave_time":30,"max_telemetry_time":86400,"max_telemetry_distance":100}
1575542640015	hour		e714f168-ce56-4b41-81b7-0b6a4bd26128	scooter	{"service_start":0,"provider_drop_off":0,"trip_end":0,"cancel_reservation":0,"reserve":0,"service_end":0,"trip_start":0,"trip_enter":0,"trip_leave":0,"register":83,"provider_pick_up":0,"agency_drop_off":0,"deregister":0,"agency_pick_up":0}	{"registered":84,"deployed":0,"dead":null}	0	{"0":0,"1":0,"2":0,"3":0,"4":0,"5":0}	{"start_end":{"count":0},"enter_leave":{"count":0},"telemetry":{"count":0}}	{"count":0,"min":0,"max":0,"average":0}	{"invalid_count":null,"duplicate_count":null,"out_of_order_count":null}	{"max_vehicle_cap":1600,"min_registered":100,"min_trip_start_count":100,"min_trip_end_count":100,"min_telemetry_count":1000,"max_start_end_time":30,"max_enter_leave_time":30,"max_telemetry_time":86400,"max_telemetry_distance":100}
1575542640015	hour		d73fcf80-22b1-450f-b535-042b4e30aac7	scooter	{"service_start":0,"provider_drop_off":0,"trip_end":0,"cancel_reservation":0,"reserve":0,"service_end":0,"trip_start":0,"trip_enter":0,"trip_leave":0,"register":91,"provider_pick_up":0,"agency_drop_off":0,"deregister":0,"agency_pick_up":0}	{"registered":92,"deployed":0,"dead":null}	0	{"0":0,"1":0,"2":0,"3":0,"4":0,"5":0}	{"start_end":{"count":0},"enter_leave":{"count":0},"telemetry":{"count":0}}	{"count":0,"min":0,"max":0,"average":0}	{"invalid_count":null,"duplicate_count":null,"out_of_order_count":null}	{"max_vehicle_cap":1600,"min_registered":100,"min_trip_start_count":100,"min_trip_end_count":100,"min_telemetry_count":1000,"max_start_end_time":30,"max_enter_leave_time":30,"max_telemetry_time":86400,"max_telemetry_distance":100}
1575542700003	hour		c20e08cf-8488-46a6-a66c-5d8fb827f7e0	scooter	{"service_start":0,"provider_drop_off":185,"trip_end":3,"cancel_reservation":7,"reserve":21,"service_end":1,"trip_start":41,"trip_enter":0,"trip_leave":0,"register":178,"provider_pick_up":0,"agency_drop_off":0,"deregister":0,"agency_pick_up":0}	{"registered":178,"deployed":0,"dead":null}	0	{"0":0,"1":0,"2":0,"3":0,"4":0,"5":0}	{"start_end":{"count":0},"enter_leave":{"count":0},"telemetry":{"count":0}}	{"count":0,"min":0,"max":0,"average":0}	{"invalid_count":null,"duplicate_count":null,"out_of_order_count":null}	{"max_vehicle_cap":1600,"min_registered":100,"min_trip_start_count":100,"min_trip_end_count":100,"min_telemetry_count":1000,"max_start_end_time":30,"max_enter_leave_time":30,"max_telemetry_time":86400,"max_telemetry_distance":100}
1575542700003	hour		63f13c48-34ff-49d2-aca7-cf6a5b6171c3	scooter	{"service_start":0,"provider_drop_off":186,"trip_end":3,"cancel_reservation":7,"reserve":21,"service_end":1,"trip_start":43,"trip_enter":0,"trip_leave":0,"register":178,"provider_pick_up":0,"agency_drop_off":0,"deregister":0,"agency_pick_up":0}	{"registered":178,"deployed":0,"dead":null}	0	{"0":0,"1":0,"2":0,"3":0,"4":0,"5":0}	{"start_end":{"count":0},"enter_leave":{"count":0},"telemetry":{"count":0}}	{"count":0,"min":0,"max":0,"average":0}	{"invalid_count":null,"duplicate_count":null,"out_of_order_count":null}	{"max_vehicle_cap":1600,"min_registered":100,"min_trip_start_count":100,"min_trip_end_count":100,"min_telemetry_count":1000,"max_start_end_time":30,"max_enter_leave_time":30,"max_telemetry_time":86400,"max_telemetry_distance":100}
1575542700003	hour		2411d395-04f2-47c9-ab66-d09e9e3c3251	scooter	{"service_start":0,"provider_drop_off":187,"trip_end":3,"cancel_reservation":7,"reserve":21,"service_end":1,"trip_start":43,"trip_enter":0,"trip_leave":0,"register":178,"provider_pick_up":0,"agency_drop_off":0,"deregister":0,"agency_pick_up":0}	{"registered":178,"deployed":0,"dead":null}	0	{"0":0,"1":0,"2":0,"3":0,"4":0,"5":0}	{"start_end":{"count":0},"enter_leave":{"count":0},"telemetry":{"count":0}}	{"count":0,"min":0,"max":0,"average":0}	{"invalid_count":null,"duplicate_count":null,"out_of_order_count":null}	{"max_vehicle_cap":1600,"min_registered":100,"min_trip_start_count":100,"min_trip_end_count":100,"min_telemetry_count":1000,"max_start_end_time":30,"max_enter_leave_time":30,"max_telemetry_time":86400,"max_telemetry_distance":100}
1575542700003	hour		6ddcc0ad-1d66-4046-bba4-d1d96bb8ca4d	scooter	{"service_start":0,"provider_drop_off":189,"trip_end":3,"cancel_reservation":7,"reserve":21,"service_end":1,"trip_start":44,"trip_enter":0,"trip_leave":0,"register":178,"provider_pick_up":0,"agency_drop_off":0,"deregister":0,"agency_pick_up":0}	{"registered":178,"deployed":0,"dead":null}	0	{"0":0,"1":0,"2":0,"3":0,"4":0,"5":0}	{"start_end":{"count":0},"enter_leave":{"count":0},"telemetry":{"count":0}}	{"count":0,"min":0,"max":0,"average":0}	{"invalid_count":null,"duplicate_count":null,"out_of_order_count":null}	{"max_vehicle_cap":1600,"min_registered":100,"min_trip_start_count":100,"min_trip_end_count":100,"min_telemetry_count":1000,"max_start_end_time":30,"max_enter_leave_time":30,"max_telemetry_time":86400,"max_telemetry_distance":100}
1575542700003	hour		e714f168-ce56-4b41-81b7-0b6a4bd26128	scooter	{"service_start":0,"provider_drop_off":191,"trip_end":3,"cancel_reservation":7,"reserve":21,"service_end":1,"trip_start":44,"trip_enter":0,"trip_leave":0,"register":178,"provider_pick_up":0,"agency_drop_off":0,"deregister":0,"agency_pick_up":0}	{"registered":178,"deployed":0,"dead":null}	0	{"0":0,"1":0,"2":0,"3":0,"4":0,"5":0}	{"start_end":{"count":0},"enter_leave":{"count":0},"telemetry":{"count":0}}	{"count":0,"min":0,"max":0,"average":0}	{"invalid_count":null,"duplicate_count":null,"out_of_order_count":null}	{"max_vehicle_cap":1600,"min_registered":100,"min_trip_start_count":100,"min_trip_end_count":100,"min_telemetry_count":1000,"max_start_end_time":30,"max_enter_leave_time":30,"max_telemetry_time":86400,"max_telemetry_distance":100}
1575542700003	hour		d73fcf80-22b1-450f-b535-042b4e30aac7	scooter	{"service_start":0,"provider_drop_off":192,"trip_end":3,"cancel_reservation":7,"reserve":21,"service_end":1,"trip_start":44,"trip_enter":0,"trip_leave":0,"register":178,"provider_pick_up":0,"agency_drop_off":0,"deregister":0,"agency_pick_up":0}	{"registered":178,"deployed":0,"dead":null}	0	{"0":0,"1":0,"2":0,"3":0,"4":0,"5":0}	{"start_end":{"count":0},"enter_leave":{"count":0},"telemetry":{"count":0}}	{"count":0,"min":0,"max":0,"average":0}	{"invalid_count":null,"duplicate_count":null,"out_of_order_count":null}	{"max_vehicle_cap":1600,"min_registered":100,"min_trip_start_count":100,"min_trip_end_count":100,"min_telemetry_count":1000,"max_start_end_time":30,"max_enter_leave_time":30,"max_telemetry_time":86400,"max_telemetry_distance":100}
1575542760019	hour		c20e08cf-8488-46a6-a66c-5d8fb827f7e0	scooter	{"service_start":0,"provider_drop_off":200,"trip_end":38,"cancel_reservation":14,"reserve":57,"service_end":4,"trip_start":93,"trip_enter":0,"trip_leave":0,"register":178,"provider_pick_up":0,"agency_drop_off":0,"deregister":0,"agency_pick_up":0}	{"registered":178,"deployed":0,"dead":null}	0	{"0":0,"1":0,"2":0,"3":0,"4":0,"5":0}	{"start_end":{"count":0},"enter_leave":{"count":0},"telemetry":{"count":0}}	{"count":0,"min":0,"max":0,"average":0}	{"invalid_count":null,"duplicate_count":null,"out_of_order_count":null}	{"max_vehicle_cap":1600,"min_registered":100,"min_trip_start_count":100,"min_trip_end_count":100,"min_telemetry_count":1000,"max_start_end_time":30,"max_enter_leave_time":30,"max_telemetry_time":86400,"max_telemetry_distance":100}
1575542760019	hour		63f13c48-34ff-49d2-aca7-cf6a5b6171c3	scooter	{"service_start":0,"provider_drop_off":200,"trip_end":38,"cancel_reservation":14,"reserve":57,"service_end":4,"trip_start":96,"trip_enter":0,"trip_leave":0,"register":178,"provider_pick_up":0,"agency_drop_off":0,"deregister":0,"agency_pick_up":0}	{"registered":178,"deployed":0,"dead":null}	0	{"0":0,"1":0,"2":0,"3":0,"4":0,"5":0}	{"start_end":{"count":0},"enter_leave":{"count":0},"telemetry":{"count":0}}	{"count":0,"min":0,"max":0,"average":0}	{"invalid_count":null,"duplicate_count":null,"out_of_order_count":null}	{"max_vehicle_cap":1600,"min_registered":100,"min_trip_start_count":100,"min_trip_end_count":100,"min_telemetry_count":1000,"max_start_end_time":30,"max_enter_leave_time":30,"max_telemetry_time":86400,"max_telemetry_distance":100}
1575542760019	hour		2411d395-04f2-47c9-ab66-d09e9e3c3251	scooter	{"service_start":0,"provider_drop_off":200,"trip_end":38,"cancel_reservation":14,"reserve":57,"service_end":4,"trip_start":99,"trip_enter":0,"trip_leave":0,"register":178,"provider_pick_up":0,"agency_drop_off":0,"deregister":0,"agency_pick_up":0}	{"registered":178,"deployed":0,"dead":null}	0	{"0":0,"1":0,"2":0,"3":0,"4":0,"5":0}	{"start_end":{"count":0},"enter_leave":{"count":0},"telemetry":{"count":0}}	{"count":0,"min":0,"max":0,"average":0}	{"invalid_count":null,"duplicate_count":null,"out_of_order_count":null}	{"max_vehicle_cap":1600,"min_registered":100,"min_trip_start_count":100,"min_trip_end_count":100,"min_telemetry_count":1000,"max_start_end_time":30,"max_enter_leave_time":30,"max_telemetry_time":86400,"max_telemetry_distance":100}
1575542760019	hour		6ddcc0ad-1d66-4046-bba4-d1d96bb8ca4d	scooter	{"service_start":0,"provider_drop_off":200,"trip_end":38,"cancel_reservation":15,"reserve":57,"service_end":4,"trip_start":101,"trip_enter":0,"trip_leave":0,"register":178,"provider_pick_up":0,"agency_drop_off":0,"deregister":0,"agency_pick_up":0}	{"registered":178,"deployed":0,"dead":null}	0	{"0":0,"1":0,"2":0,"3":0,"4":0,"5":0}	{"start_end":{"count":0},"enter_leave":{"count":0},"telemetry":{"count":0}}	{"count":0,"min":0,"max":0,"average":0}	{"invalid_count":null,"duplicate_count":null,"out_of_order_count":null}	{"max_vehicle_cap":1600,"min_registered":100,"min_trip_start_count":100,"min_trip_end_count":100,"min_telemetry_count":1000,"max_start_end_time":30,"max_enter_leave_time":30,"max_telemetry_time":86400,"max_telemetry_distance":100}
1575542760019	hour		e714f168-ce56-4b41-81b7-0b6a4bd26128	scooter	{"service_start":0,"provider_drop_off":200,"trip_end":39,"cancel_reservation":15,"reserve":58,"service_end":4,"trip_start":102,"trip_enter":0,"trip_leave":0,"register":178,"provider_pick_up":0,"agency_drop_off":0,"deregister":0,"agency_pick_up":0}	{"registered":178,"deployed":0,"dead":null}	0	{"0":0,"1":0,"2":0,"3":0,"4":0,"5":0}	{"start_end":{"count":0},"enter_leave":{"count":0},"telemetry":{"count":0}}	{"count":0,"min":0,"max":0,"average":0}	{"invalid_count":null,"duplicate_count":null,"out_of_order_count":null}	{"max_vehicle_cap":1600,"min_registered":100,"min_trip_start_count":100,"min_trip_end_count":100,"min_telemetry_count":1000,"max_start_end_time":30,"max_enter_leave_time":30,"max_telemetry_time":86400,"max_telemetry_distance":100}
1575542760019	hour		d73fcf80-22b1-450f-b535-042b4e30aac7	scooter	{"service_start":0,"provider_drop_off":200,"trip_end":39,"cancel_reservation":15,"reserve":58,"service_end":4,"trip_start":104,"trip_enter":0,"trip_leave":0,"register":178,"provider_pick_up":0,"agency_drop_off":0,"deregister":0,"agency_pick_up":0}	{"registered":178,"deployed":0,"dead":null}	0	{"0":0,"1":0,"2":0,"3":0,"4":0,"5":0}	{"start_end":{"count":0},"enter_leave":{"count":0},"telemetry":{"count":0}}	{"count":0,"min":0,"max":0,"average":0}	{"invalid_count":null,"duplicate_count":null,"out_of_order_count":null}	{"max_vehicle_cap":1600,"min_registered":100,"min_trip_start_count":100,"min_trip_end_count":100,"min_telemetry_count":1000,"max_start_end_time":30,"max_enter_leave_time":30,"max_telemetry_time":86400,"max_telemetry_distance":100}
1575542820026	hour		c20e08cf-8488-46a6-a66c-5d8fb827f7e0	scooter	{"service_start":0,"provider_drop_off":200,"trip_end":58,"cancel_reservation":23,"reserve":85,"service_end":9,"trip_start":151,"trip_enter":0,"trip_leave":0,"register":178,"provider_pick_up":0,"agency_drop_off":0,"deregister":0,"agency_pick_up":0}	{"registered":178,"deployed":0,"dead":null}	0	{"0":0,"1":0,"2":0,"3":0,"4":0,"5":0}	{"start_end":{"count":0},"enter_leave":{"count":0},"telemetry":{"count":0}}	{"count":0,"min":0,"max":0,"average":0}	{"invalid_count":null,"duplicate_count":null,"out_of_order_count":null}	{"max_vehicle_cap":1600,"min_registered":100,"min_trip_start_count":100,"min_trip_end_count":100,"min_telemetry_count":1000,"max_start_end_time":30,"max_enter_leave_time":30,"max_telemetry_time":86400,"max_telemetry_distance":100}
1575542820026	hour		63f13c48-34ff-49d2-aca7-cf6a5b6171c3	scooter	{"service_start":0,"provider_drop_off":200,"trip_end":58,"cancel_reservation":23,"reserve":87,"service_end":10,"trip_start":152,"trip_enter":0,"trip_leave":0,"register":178,"provider_pick_up":0,"agency_drop_off":0,"deregister":0,"agency_pick_up":0}	{"registered":178,"deployed":0,"dead":null}	0	{"0":0,"1":0,"2":0,"3":0,"4":0,"5":0}	{"start_end":{"count":0},"enter_leave":{"count":0},"telemetry":{"count":0}}	{"count":0,"min":0,"max":0,"average":0}	{"invalid_count":null,"duplicate_count":null,"out_of_order_count":null}	{"max_vehicle_cap":1600,"min_registered":100,"min_trip_start_count":100,"min_trip_end_count":100,"min_telemetry_count":1000,"max_start_end_time":30,"max_enter_leave_time":30,"max_telemetry_time":86400,"max_telemetry_distance":100}
1575542820026	hour		2411d395-04f2-47c9-ab66-d09e9e3c3251	scooter	{"service_start":0,"provider_drop_off":200,"trip_end":61,"cancel_reservation":23,"reserve":88,"service_end":10,"trip_start":155,"trip_enter":0,"trip_leave":0,"register":178,"provider_pick_up":0,"agency_drop_off":0,"deregister":0,"agency_pick_up":0}	{"registered":178,"deployed":0,"dead":null}	0	{"0":0,"1":0,"2":0,"3":0,"4":0,"5":0}	{"start_end":{"count":0},"enter_leave":{"count":0},"telemetry":{"count":0}}	{"count":0,"min":0,"max":0,"average":0}	{"invalid_count":null,"duplicate_count":null,"out_of_order_count":null}	{"max_vehicle_cap":1600,"min_registered":100,"min_trip_start_count":100,"min_trip_end_count":100,"min_telemetry_count":1000,"max_start_end_time":30,"max_enter_leave_time":30,"max_telemetry_time":86400,"max_telemetry_distance":100}
1575542820026	hour		6ddcc0ad-1d66-4046-bba4-d1d96bb8ca4d	scooter	{"service_start":0,"provider_drop_off":200,"trip_end":63,"cancel_reservation":23,"reserve":88,"service_end":10,"trip_start":156,"trip_enter":0,"trip_leave":0,"register":178,"provider_pick_up":0,"agency_drop_off":0,"deregister":0,"agency_pick_up":0}	{"registered":178,"deployed":0,"dead":null}	0	{"0":0,"1":0,"2":0,"3":0,"4":0,"5":0}	{"start_end":{"count":0},"enter_leave":{"count":0},"telemetry":{"count":0}}	{"count":0,"min":0,"max":0,"average":0}	{"invalid_count":null,"duplicate_count":null,"out_of_order_count":null}	{"max_vehicle_cap":1600,"min_registered":100,"min_trip_start_count":100,"min_trip_end_count":100,"min_telemetry_count":1000,"max_start_end_time":30,"max_enter_leave_time":30,"max_telemetry_time":86400,"max_telemetry_distance":100}
1575542820026	hour		e714f168-ce56-4b41-81b7-0b6a4bd26128	scooter	{"service_start":0,"provider_drop_off":200,"trip_end":66,"cancel_reservation":24,"reserve":89,"service_end":10,"trip_start":156,"trip_enter":0,"trip_leave":0,"register":178,"provider_pick_up":0,"agency_drop_off":0,"deregister":0,"agency_pick_up":0}	{"registered":178,"deployed":0,"dead":null}	0	{"0":0,"1":0,"2":0,"3":0,"4":0,"5":0}	{"start_end":{"count":0},"enter_leave":{"count":0},"telemetry":{"count":0}}	{"count":0,"min":0,"max":0,"average":0}	{"invalid_count":null,"duplicate_count":null,"out_of_order_count":null}	{"max_vehicle_cap":1600,"min_registered":100,"min_trip_start_count":100,"min_trip_end_count":100,"min_telemetry_count":1000,"max_start_end_time":30,"max_enter_leave_time":30,"max_telemetry_time":86400,"max_telemetry_distance":100}
1575542820026	hour		d73fcf80-22b1-450f-b535-042b4e30aac7	scooter	{"service_start":0,"provider_drop_off":200,"trip_end":67,"cancel_reservation":24,"reserve":91,"service_end":10,"trip_start":156,"trip_enter":0,"trip_leave":0,"register":178,"provider_pick_up":0,"agency_drop_off":0,"deregister":0,"agency_pick_up":0}	{"registered":178,"deployed":0,"dead":null}	0	{"0":0,"1":0,"2":0,"3":0,"4":0,"5":0}	{"start_end":{"count":0},"enter_leave":{"count":0},"telemetry":{"count":0}}	{"count":0,"min":0,"max":0,"average":0}	{"invalid_count":null,"duplicate_count":null,"out_of_order_count":null}	{"max_vehicle_cap":1600,"min_registered":100,"min_trip_start_count":100,"min_trip_end_count":100,"min_telemetry_count":1000,"max_start_end_time":30,"max_enter_leave_time":30,"max_telemetry_time":86400,"max_telemetry_distance":100}
1575542880018	hour		c20e08cf-8488-46a6-a66c-5d8fb827f7e0	scooter	{"service_start":0,"provider_drop_off":200,"trip_end":87,"cancel_reservation":29,"reserve":105,"service_end":13,"trip_start":177,"trip_enter":0,"trip_leave":0,"register":178,"provider_pick_up":0,"agency_drop_off":0,"deregister":0,"agency_pick_up":0}	{"registered":178,"deployed":0,"dead":null}	0	{"0":0,"1":0,"2":0,"3":0,"4":0,"5":0}	{"start_end":{"count":0},"enter_leave":{"count":0},"telemetry":{"count":0}}	{"count":0,"min":0,"max":0,"average":0}	{"invalid_count":null,"duplicate_count":null,"out_of_order_count":null}	{"max_vehicle_cap":1600,"min_registered":100,"min_trip_start_count":100,"min_trip_end_count":100,"min_telemetry_count":1000,"max_start_end_time":30,"max_enter_leave_time":30,"max_telemetry_time":86400,"max_telemetry_distance":100}
1575542880018	hour		63f13c48-34ff-49d2-aca7-cf6a5b6171c3	scooter	{"service_start":0,"provider_drop_off":200,"trip_end":93,"cancel_reservation":29,"reserve":106,"service_end":13,"trip_start":178,"trip_enter":0,"trip_leave":0,"register":178,"provider_pick_up":0,"agency_drop_off":0,"deregister":0,"agency_pick_up":0}	{"registered":178,"deployed":0,"dead":null}	0	{"0":0,"1":0,"2":0,"3":0,"4":0,"5":0}	{"start_end":{"count":0},"enter_leave":{"count":0},"telemetry":{"count":0}}	{"count":0,"min":0,"max":0,"average":0}	{"invalid_count":null,"duplicate_count":null,"out_of_order_count":null}	{"max_vehicle_cap":1600,"min_registered":100,"min_trip_start_count":100,"min_trip_end_count":100,"min_telemetry_count":1000,"max_start_end_time":30,"max_enter_leave_time":30,"max_telemetry_time":86400,"max_telemetry_distance":100}
1575542880018	hour		2411d395-04f2-47c9-ab66-d09e9e3c3251	scooter	{"service_start":0,"provider_drop_off":200,"trip_end":95,"cancel_reservation":30,"reserve":106,"service_end":13,"trip_start":180,"trip_enter":0,"trip_leave":0,"register":178,"provider_pick_up":0,"agency_drop_off":0,"deregister":0,"agency_pick_up":0}	{"registered":178,"deployed":0,"dead":null}	0	{"0":0,"1":0,"2":0,"3":0,"4":0,"5":0}	{"start_end":{"count":0},"enter_leave":{"count":0},"telemetry":{"count":0}}	{"count":0,"min":0,"max":0,"average":0}	{"invalid_count":null,"duplicate_count":null,"out_of_order_count":null}	{"max_vehicle_cap":1600,"min_registered":100,"min_trip_start_count":100,"min_trip_end_count":100,"min_telemetry_count":1000,"max_start_end_time":30,"max_enter_leave_time":30,"max_telemetry_time":86400,"max_telemetry_distance":100}
1575542880018	hour		6ddcc0ad-1d66-4046-bba4-d1d96bb8ca4d	scooter	{"service_start":0,"provider_drop_off":200,"trip_end":99,"cancel_reservation":31,"reserve":106,"service_end":13,"trip_start":182,"trip_enter":0,"trip_leave":0,"register":178,"provider_pick_up":0,"agency_drop_off":0,"deregister":0,"agency_pick_up":0}	{"registered":178,"deployed":0,"dead":null}	0	{"0":0,"1":0,"2":0,"3":0,"4":0,"5":0}	{"start_end":{"count":0},"enter_leave":{"count":0},"telemetry":{"count":0}}	{"count":0,"min":0,"max":0,"average":0}	{"invalid_count":null,"duplicate_count":null,"out_of_order_count":null}	{"max_vehicle_cap":1600,"min_registered":100,"min_trip_start_count":100,"min_trip_end_count":100,"min_telemetry_count":1000,"max_start_end_time":30,"max_enter_leave_time":30,"max_telemetry_time":86400,"max_telemetry_distance":100}
1575542880018	hour		e714f168-ce56-4b41-81b7-0b6a4bd26128	scooter	{"service_start":0,"provider_drop_off":200,"trip_end":104,"cancel_reservation":32,"reserve":106,"service_end":13,"trip_start":183,"trip_enter":0,"trip_leave":0,"register":178,"provider_pick_up":0,"agency_drop_off":0,"deregister":0,"agency_pick_up":0}	{"registered":178,"deployed":0,"dead":null}	0	{"0":0,"1":0,"2":0,"3":0,"4":0,"5":0}	{"start_end":{"count":0},"enter_leave":{"count":0},"telemetry":{"count":0}}	{"count":0,"min":0,"max":0,"average":0}	{"invalid_count":null,"duplicate_count":null,"out_of_order_count":null}	{"max_vehicle_cap":1600,"min_registered":100,"min_trip_start_count":100,"min_trip_end_count":100,"min_telemetry_count":1000,"max_start_end_time":30,"max_enter_leave_time":30,"max_telemetry_time":86400,"max_telemetry_distance":100}
1575542880018	hour		d73fcf80-22b1-450f-b535-042b4e30aac7	scooter	{"service_start":0,"provider_drop_off":200,"trip_end":110,"cancel_reservation":32,"reserve":106,"service_end":13,"trip_start":186,"trip_enter":0,"trip_leave":0,"register":178,"provider_pick_up":0,"agency_drop_off":0,"deregister":0,"agency_pick_up":0}	{"registered":178,"deployed":0,"dead":null}	0	{"0":0,"1":0,"2":0,"3":0,"4":0,"5":0}	{"start_end":{"count":0},"enter_leave":{"count":0},"telemetry":{"count":0}}	{"count":0,"min":0,"max":0,"average":0}	{"invalid_count":null,"duplicate_count":null,"out_of_order_count":null}	{"max_vehicle_cap":1600,"min_registered":100,"min_trip_start_count":100,"min_trip_end_count":100,"min_telemetry_count":1000,"max_start_end_time":30,"max_enter_leave_time":30,"max_telemetry_time":86400,"max_telemetry_distance":100}
1575542940008	hour		c20e08cf-8488-46a6-a66c-5d8fb827f7e0	scooter	{"service_start":0,"provider_drop_off":200,"trip_end":116,"cancel_reservation":32,"reserve":108,"service_end":13,"trip_start":191,"trip_enter":0,"trip_leave":0,"register":178,"provider_pick_up":0,"agency_drop_off":0,"deregister":0,"agency_pick_up":0}	{"registered":178,"deployed":0,"dead":null}	0	{"0":0,"1":0,"2":0,"3":0,"4":0,"5":0}	{"start_end":{"count":0},"enter_leave":{"count":0},"telemetry":{"count":0}}	{"count":0,"min":0,"max":0,"average":0}	{"invalid_count":null,"duplicate_count":null,"out_of_order_count":null}	{"max_vehicle_cap":1600,"min_registered":100,"min_trip_start_count":100,"min_trip_end_count":100,"min_telemetry_count":1000,"max_start_end_time":30,"max_enter_leave_time":30,"max_telemetry_time":86400,"max_telemetry_distance":100}
1575542940008	hour		63f13c48-34ff-49d2-aca7-cf6a5b6171c3	scooter	{"service_start":0,"provider_drop_off":200,"trip_end":116,"cancel_reservation":32,"reserve":108,"service_end":13,"trip_start":191,"trip_enter":0,"trip_leave":0,"register":178,"provider_pick_up":0,"agency_drop_off":0,"deregister":0,"agency_pick_up":0}	{"registered":178,"deployed":0,"dead":null}	0	{"0":0,"1":0,"2":0,"3":0,"4":0,"5":0}	{"start_end":{"count":0},"enter_leave":{"count":0},"telemetry":{"count":0}}	{"count":0,"min":0,"max":0,"average":0}	{"invalid_count":null,"duplicate_count":null,"out_of_order_count":null}	{"max_vehicle_cap":1600,"min_registered":100,"min_trip_start_count":100,"min_trip_end_count":100,"min_telemetry_count":1000,"max_start_end_time":30,"max_enter_leave_time":30,"max_telemetry_time":86400,"max_telemetry_distance":100}
1575542940008	hour		2411d395-04f2-47c9-ab66-d09e9e3c3251	scooter	{"service_start":0,"provider_drop_off":200,"trip_end":116,"cancel_reservation":32,"reserve":108,"service_end":13,"trip_start":191,"trip_enter":0,"trip_leave":0,"register":178,"provider_pick_up":0,"agency_drop_off":0,"deregister":0,"agency_pick_up":0}	{"registered":178,"deployed":0,"dead":null}	0	{"0":0,"1":0,"2":0,"3":0,"4":0,"5":0}	{"start_end":{"count":0},"enter_leave":{"count":0},"telemetry":{"count":0}}	{"count":0,"min":0,"max":0,"average":0}	{"invalid_count":null,"duplicate_count":null,"out_of_order_count":null}	{"max_vehicle_cap":1600,"min_registered":100,"min_trip_start_count":100,"min_trip_end_count":100,"min_telemetry_count":1000,"max_start_end_time":30,"max_enter_leave_time":30,"max_telemetry_time":86400,"max_telemetry_distance":100}
1575542940008	hour		6ddcc0ad-1d66-4046-bba4-d1d96bb8ca4d	scooter	{"service_start":0,"provider_drop_off":200,"trip_end":116,"cancel_reservation":32,"reserve":108,"service_end":13,"trip_start":191,"trip_enter":0,"trip_leave":0,"register":178,"provider_pick_up":0,"agency_drop_off":0,"deregister":0,"agency_pick_up":0}	{"registered":178,"deployed":0,"dead":null}	0	{"0":0,"1":0,"2":0,"3":0,"4":0,"5":0}	{"start_end":{"count":0},"enter_leave":{"count":0},"telemetry":{"count":0}}	{"count":0,"min":0,"max":0,"average":0}	{"invalid_count":null,"duplicate_count":null,"out_of_order_count":null}	{"max_vehicle_cap":1600,"min_registered":100,"min_trip_start_count":100,"min_trip_end_count":100,"min_telemetry_count":1000,"max_start_end_time":30,"max_enter_leave_time":30,"max_telemetry_time":86400,"max_telemetry_distance":100}
1575542940008	hour		e714f168-ce56-4b41-81b7-0b6a4bd26128	scooter	{"service_start":0,"provider_drop_off":200,"trip_end":116,"cancel_reservation":32,"reserve":108,"service_end":13,"trip_start":191,"trip_enter":0,"trip_leave":0,"register":178,"provider_pick_up":0,"agency_drop_off":0,"deregister":0,"agency_pick_up":0}	{"registered":178,"deployed":0,"dead":null}	0	{"0":0,"1":0,"2":0,"3":0,"4":0,"5":0}	{"start_end":{"count":0},"enter_leave":{"count":0},"telemetry":{"count":0}}	{"count":0,"min":0,"max":0,"average":0}	{"invalid_count":null,"duplicate_count":null,"out_of_order_count":null}	{"max_vehicle_cap":1600,"min_registered":100,"min_trip_start_count":100,"min_trip_end_count":100,"min_telemetry_count":1000,"max_start_end_time":30,"max_enter_leave_time":30,"max_telemetry_time":86400,"max_telemetry_distance":100}
1575542940008	hour		d73fcf80-22b1-450f-b535-042b4e30aac7	scooter	{"service_start":0,"provider_drop_off":200,"trip_end":116,"cancel_reservation":32,"reserve":108,"service_end":13,"trip_start":191,"trip_enter":0,"trip_leave":0,"register":178,"provider_pick_up":0,"agency_drop_off":0,"deregister":0,"agency_pick_up":0}	{"registered":178,"deployed":0,"dead":null}	0	{"0":0,"1":0,"2":0,"3":0,"4":0,"5":0}	{"start_end":{"count":0},"enter_leave":{"count":0},"telemetry":{"count":0}}	{"count":0,"min":0,"max":0,"average":0}	{"invalid_count":null,"duplicate_count":null,"out_of_order_count":null}	{"max_vehicle_cap":1600,"min_registered":100,"min_trip_start_count":100,"min_trip_end_count":100,"min_telemetry_count":1000,"max_start_end_time":30,"max_enter_leave_time":30,"max_telemetry_time":86400,"max_telemetry_distance":100}
1575543000098	hour		c20e08cf-8488-46a6-a66c-5d8fb827f7e0	scooter	{"service_start":0,"provider_drop_off":200,"trip_end":116,"cancel_reservation":32,"reserve":108,"service_end":13,"trip_start":191,"trip_enter":0,"trip_leave":0,"register":178,"provider_pick_up":0,"agency_drop_off":0,"deregister":0,"agency_pick_up":0}	{"registered":178,"deployed":0,"dead":null}	0	{"0":0,"1":0,"2":0,"3":0,"4":0,"5":0}	{"start_end":{"count":0},"enter_leave":{"count":0},"telemetry":{"count":0}}	{"count":0,"min":0,"max":0,"average":0}	{"invalid_count":null,"duplicate_count":null,"out_of_order_count":null}	{"max_vehicle_cap":1600,"min_registered":100,"min_trip_start_count":100,"min_trip_end_count":100,"min_telemetry_count":1000,"max_start_end_time":30,"max_enter_leave_time":30,"max_telemetry_time":86400,"max_telemetry_distance":100}
1575543000098	hour		63f13c48-34ff-49d2-aca7-cf6a5b6171c3	scooter	{"service_start":0,"provider_drop_off":200,"trip_end":116,"cancel_reservation":32,"reserve":108,"service_end":13,"trip_start":191,"trip_enter":0,"trip_leave":0,"register":178,"provider_pick_up":0,"agency_drop_off":0,"deregister":0,"agency_pick_up":0}	{"registered":178,"deployed":0,"dead":null}	0	{"0":0,"1":0,"2":0,"3":0,"4":0,"5":0}	{"start_end":{"count":0},"enter_leave":{"count":0},"telemetry":{"count":0}}	{"count":0,"min":0,"max":0,"average":0}	{"invalid_count":null,"duplicate_count":null,"out_of_order_count":null}	{"max_vehicle_cap":1600,"min_registered":100,"min_trip_start_count":100,"min_trip_end_count":100,"min_telemetry_count":1000,"max_start_end_time":30,"max_enter_leave_time":30,"max_telemetry_time":86400,"max_telemetry_distance":100}
1575543000098	hour		2411d395-04f2-47c9-ab66-d09e9e3c3251	scooter	{"service_start":0,"provider_drop_off":200,"trip_end":116,"cancel_reservation":32,"reserve":108,"service_end":13,"trip_start":191,"trip_enter":0,"trip_leave":0,"register":178,"provider_pick_up":0,"agency_drop_off":0,"deregister":0,"agency_pick_up":0}	{"registered":178,"deployed":0,"dead":null}	0	{"0":0,"1":0,"2":0,"3":0,"4":0,"5":0}	{"start_end":{"count":0},"enter_leave":{"count":0},"telemetry":{"count":0}}	{"count":0,"min":0,"max":0,"average":0}	{"invalid_count":null,"duplicate_count":null,"out_of_order_count":null}	{"max_vehicle_cap":1600,"min_registered":100,"min_trip_start_count":100,"min_trip_end_count":100,"min_telemetry_count":1000,"max_start_end_time":30,"max_enter_leave_time":30,"max_telemetry_time":86400,"max_telemetry_distance":100}
1575543000098	hour		6ddcc0ad-1d66-4046-bba4-d1d96bb8ca4d	scooter	{"service_start":0,"provider_drop_off":200,"trip_end":116,"cancel_reservation":32,"reserve":108,"service_end":13,"trip_start":191,"trip_enter":0,"trip_leave":0,"register":178,"provider_pick_up":0,"agency_drop_off":0,"deregister":0,"agency_pick_up":0}	{"registered":178,"deployed":0,"dead":null}	0	{"0":0,"1":0,"2":0,"3":0,"4":0,"5":0}	{"start_end":{"count":0},"enter_leave":{"count":0},"telemetry":{"count":0}}	{"count":0,"min":0,"max":0,"average":0}	{"invalid_count":null,"duplicate_count":null,"out_of_order_count":null}	{"max_vehicle_cap":1600,"min_registered":100,"min_trip_start_count":100,"min_trip_end_count":100,"min_telemetry_count":1000,"max_start_end_time":30,"max_enter_leave_time":30,"max_telemetry_time":86400,"max_telemetry_distance":100}
1575543000098	hour		e714f168-ce56-4b41-81b7-0b6a4bd26128	scooter	{"service_start":0,"provider_drop_off":200,"trip_end":116,"cancel_reservation":32,"reserve":108,"service_end":13,"trip_start":191,"trip_enter":0,"trip_leave":0,"register":178,"provider_pick_up":0,"agency_drop_off":0,"deregister":0,"agency_pick_up":0}	{"registered":178,"deployed":0,"dead":null}	0	{"0":0,"1":0,"2":0,"3":0,"4":0,"5":0}	{"start_end":{"count":0},"enter_leave":{"count":0},"telemetry":{"count":0}}	{"count":0,"min":0,"max":0,"average":0}	{"invalid_count":null,"duplicate_count":null,"out_of_order_count":null}	{"max_vehicle_cap":1600,"min_registered":100,"min_trip_start_count":100,"min_trip_end_count":100,"min_telemetry_count":1000,"max_start_end_time":30,"max_enter_leave_time":30,"max_telemetry_time":86400,"max_telemetry_distance":100}
1575543000098	hour		d73fcf80-22b1-450f-b535-042b4e30aac7	scooter	{"service_start":0,"provider_drop_off":200,"trip_end":116,"cancel_reservation":32,"reserve":108,"service_end":13,"trip_start":191,"trip_enter":0,"trip_leave":0,"register":178,"provider_pick_up":0,"agency_drop_off":0,"deregister":0,"agency_pick_up":0}	{"registered":178,"deployed":0,"dead":null}	0	{"0":0,"1":0,"2":0,"3":0,"4":0,"5":0}	{"start_end":{"count":0},"enter_leave":{"count":0},"telemetry":{"count":0}}	{"count":0,"min":0,"max":0,"average":0}	{"invalid_count":null,"duplicate_count":null,"out_of_order_count":null}	{"max_vehicle_cap":1600,"min_registered":100,"min_trip_start_count":100,"min_trip_end_count":100,"min_telemetry_count":1000,"max_start_end_time":30,"max_enter_leave_time":30,"max_telemetry_time":86400,"max_telemetry_distance":100}
1575543060003	hour		c20e08cf-8488-46a6-a66c-5d8fb827f7e0	scooter	{"service_start":0,"provider_drop_off":200,"trip_end":116,"cancel_reservation":32,"reserve":108,"service_end":13,"trip_start":191,"trip_enter":0,"trip_leave":0,"register":178,"provider_pick_up":0,"agency_drop_off":0,"deregister":0,"agency_pick_up":0}	{"registered":178,"deployed":0,"dead":null}	0	{"0":0,"1":0,"2":0,"3":0,"4":0,"5":0}	{"start_end":{"count":0},"enter_leave":{"count":0},"telemetry":{"count":0}}	{"count":0,"min":0,"max":0,"average":0}	{"invalid_count":null,"duplicate_count":null,"out_of_order_count":null}	{"max_vehicle_cap":1600,"min_registered":100,"min_trip_start_count":100,"min_trip_end_count":100,"min_telemetry_count":1000,"max_start_end_time":30,"max_enter_leave_time":30,"max_telemetry_time":86400,"max_telemetry_distance":100}
1575543060003	hour		63f13c48-34ff-49d2-aca7-cf6a5b6171c3	scooter	{"service_start":0,"provider_drop_off":200,"trip_end":116,"cancel_reservation":32,"reserve":108,"service_end":13,"trip_start":191,"trip_enter":0,"trip_leave":0,"register":178,"provider_pick_up":0,"agency_drop_off":0,"deregister":0,"agency_pick_up":0}	{"registered":178,"deployed":0,"dead":null}	0	{"0":0,"1":0,"2":0,"3":0,"4":0,"5":0}	{"start_end":{"count":0},"enter_leave":{"count":0},"telemetry":{"count":0}}	{"count":0,"min":0,"max":0,"average":0}	{"invalid_count":null,"duplicate_count":null,"out_of_order_count":null}	{"max_vehicle_cap":1600,"min_registered":100,"min_trip_start_count":100,"min_trip_end_count":100,"min_telemetry_count":1000,"max_start_end_time":30,"max_enter_leave_time":30,"max_telemetry_time":86400,"max_telemetry_distance":100}
1575543060003	hour		2411d395-04f2-47c9-ab66-d09e9e3c3251	scooter	{"service_start":0,"provider_drop_off":200,"trip_end":116,"cancel_reservation":32,"reserve":108,"service_end":13,"trip_start":191,"trip_enter":0,"trip_leave":0,"register":178,"provider_pick_up":0,"agency_drop_off":0,"deregister":0,"agency_pick_up":0}	{"registered":178,"deployed":0,"dead":null}	0	{"0":0,"1":0,"2":0,"3":0,"4":0,"5":0}	{"start_end":{"count":0},"enter_leave":{"count":0},"telemetry":{"count":0}}	{"count":0,"min":0,"max":0,"average":0}	{"invalid_count":null,"duplicate_count":null,"out_of_order_count":null}	{"max_vehicle_cap":1600,"min_registered":100,"min_trip_start_count":100,"min_trip_end_count":100,"min_telemetry_count":1000,"max_start_end_time":30,"max_enter_leave_time":30,"max_telemetry_time":86400,"max_telemetry_distance":100}
1575543060003	hour		6ddcc0ad-1d66-4046-bba4-d1d96bb8ca4d	scooter	{"service_start":0,"provider_drop_off":200,"trip_end":116,"cancel_reservation":32,"reserve":108,"service_end":13,"trip_start":191,"trip_enter":0,"trip_leave":0,"register":178,"provider_pick_up":0,"agency_drop_off":0,"deregister":0,"agency_pick_up":0}	{"registered":178,"deployed":0,"dead":null}	0	{"0":0,"1":0,"2":0,"3":0,"4":0,"5":0}	{"start_end":{"count":0},"enter_leave":{"count":0},"telemetry":{"count":0}}	{"count":0,"min":0,"max":0,"average":0}	{"invalid_count":null,"duplicate_count":null,"out_of_order_count":null}	{"max_vehicle_cap":1600,"min_registered":100,"min_trip_start_count":100,"min_trip_end_count":100,"min_telemetry_count":1000,"max_start_end_time":30,"max_enter_leave_time":30,"max_telemetry_time":86400,"max_telemetry_distance":100}
1575543060003	hour		e714f168-ce56-4b41-81b7-0b6a4bd26128	scooter	{"service_start":0,"provider_drop_off":200,"trip_end":116,"cancel_reservation":32,"reserve":108,"service_end":13,"trip_start":191,"trip_enter":0,"trip_leave":0,"register":178,"provider_pick_up":0,"agency_drop_off":0,"deregister":0,"agency_pick_up":0}	{"registered":178,"deployed":0,"dead":null}	0	{"0":0,"1":0,"2":0,"3":0,"4":0,"5":0}	{"start_end":{"count":0},"enter_leave":{"count":0},"telemetry":{"count":0}}	{"count":0,"min":0,"max":0,"average":0}	{"invalid_count":null,"duplicate_count":null,"out_of_order_count":null}	{"max_vehicle_cap":1600,"min_registered":100,"min_trip_start_count":100,"min_trip_end_count":100,"min_telemetry_count":1000,"max_start_end_time":30,"max_enter_leave_time":30,"max_telemetry_time":86400,"max_telemetry_distance":100}
1575543060003	hour		d73fcf80-22b1-450f-b535-042b4e30aac7	scooter	{"service_start":0,"provider_drop_off":200,"trip_end":116,"cancel_reservation":32,"reserve":108,"service_end":13,"trip_start":191,"trip_enter":0,"trip_leave":0,"register":178,"provider_pick_up":0,"agency_drop_off":0,"deregister":0,"agency_pick_up":0}	{"registered":178,"deployed":0,"dead":null}	0	{"0":0,"1":0,"2":0,"3":0,"4":0,"5":0}	{"start_end":{"count":0},"enter_leave":{"count":0},"telemetry":{"count":0}}	{"count":0,"min":0,"max":0,"average":0}	{"invalid_count":null,"duplicate_count":null,"out_of_order_count":null}	{"max_vehicle_cap":1600,"min_registered":100,"min_trip_start_count":100,"min_trip_end_count":100,"min_telemetry_count":1000,"max_start_end_time":30,"max_enter_leave_time":30,"max_telemetry_time":86400,"max_telemetry_distance":100}
1575543120003	hour		c20e08cf-8488-46a6-a66c-5d8fb827f7e0	scooter	{"service_start":0,"provider_drop_off":200,"trip_end":116,"cancel_reservation":32,"reserve":108,"service_end":13,"trip_start":191,"trip_enter":0,"trip_leave":0,"register":178,"provider_pick_up":0,"agency_drop_off":0,"deregister":0,"agency_pick_up":0}	{"registered":178,"deployed":0,"dead":null}	0	{"0":0,"1":0,"2":0,"3":0,"4":0,"5":0}	{"start_end":{"count":0},"enter_leave":{"count":0},"telemetry":{"count":0}}	{"count":0,"min":0,"max":0,"average":0}	{"invalid_count":null,"duplicate_count":null,"out_of_order_count":null}	{"max_vehicle_cap":1600,"min_registered":100,"min_trip_start_count":100,"min_trip_end_count":100,"min_telemetry_count":1000,"max_start_end_time":30,"max_enter_leave_time":30,"max_telemetry_time":86400,"max_telemetry_distance":100}
1575543120003	hour		63f13c48-34ff-49d2-aca7-cf6a5b6171c3	scooter	{"service_start":0,"provider_drop_off":200,"trip_end":116,"cancel_reservation":32,"reserve":108,"service_end":13,"trip_start":191,"trip_enter":0,"trip_leave":0,"register":178,"provider_pick_up":0,"agency_drop_off":0,"deregister":0,"agency_pick_up":0}	{"registered":178,"deployed":0,"dead":null}	0	{"0":0,"1":0,"2":0,"3":0,"4":0,"5":0}	{"start_end":{"count":0},"enter_leave":{"count":0},"telemetry":{"count":0}}	{"count":0,"min":0,"max":0,"average":0}	{"invalid_count":null,"duplicate_count":null,"out_of_order_count":null}	{"max_vehicle_cap":1600,"min_registered":100,"min_trip_start_count":100,"min_trip_end_count":100,"min_telemetry_count":1000,"max_start_end_time":30,"max_enter_leave_time":30,"max_telemetry_time":86400,"max_telemetry_distance":100}
1575543120003	hour		2411d395-04f2-47c9-ab66-d09e9e3c3251	scooter	{"service_start":0,"provider_drop_off":200,"trip_end":116,"cancel_reservation":32,"reserve":108,"service_end":13,"trip_start":191,"trip_enter":0,"trip_leave":0,"register":178,"provider_pick_up":0,"agency_drop_off":0,"deregister":0,"agency_pick_up":0}	{"registered":178,"deployed":0,"dead":null}	0	{"0":0,"1":0,"2":0,"3":0,"4":0,"5":0}	{"start_end":{"count":0},"enter_leave":{"count":0},"telemetry":{"count":0}}	{"count":0,"min":0,"max":0,"average":0}	{"invalid_count":null,"duplicate_count":null,"out_of_order_count":null}	{"max_vehicle_cap":1600,"min_registered":100,"min_trip_start_count":100,"min_trip_end_count":100,"min_telemetry_count":1000,"max_start_end_time":30,"max_enter_leave_time":30,"max_telemetry_time":86400,"max_telemetry_distance":100}
1575543120003	hour		6ddcc0ad-1d66-4046-bba4-d1d96bb8ca4d	scooter	{"service_start":0,"provider_drop_off":200,"trip_end":116,"cancel_reservation":32,"reserve":108,"service_end":13,"trip_start":191,"trip_enter":0,"trip_leave":0,"register":178,"provider_pick_up":0,"agency_drop_off":0,"deregister":0,"agency_pick_up":0}	{"registered":178,"deployed":0,"dead":null}	0	{"0":0,"1":0,"2":0,"3":0,"4":0,"5":0}	{"start_end":{"count":0},"enter_leave":{"count":0},"telemetry":{"count":0}}	{"count":0,"min":0,"max":0,"average":0}	{"invalid_count":null,"duplicate_count":null,"out_of_order_count":null}	{"max_vehicle_cap":1600,"min_registered":100,"min_trip_start_count":100,"min_trip_end_count":100,"min_telemetry_count":1000,"max_start_end_time":30,"max_enter_leave_time":30,"max_telemetry_time":86400,"max_telemetry_distance":100}
1575543120003	hour		e714f168-ce56-4b41-81b7-0b6a4bd26128	scooter	{"service_start":0,"provider_drop_off":200,"trip_end":116,"cancel_reservation":32,"reserve":108,"service_end":13,"trip_start":191,"trip_enter":0,"trip_leave":0,"register":178,"provider_pick_up":0,"agency_drop_off":0,"deregister":0,"agency_pick_up":0}	{"registered":178,"deployed":0,"dead":null}	0	{"0":0,"1":0,"2":0,"3":0,"4":0,"5":0}	{"start_end":{"count":0},"enter_leave":{"count":0},"telemetry":{"count":0}}	{"count":0,"min":0,"max":0,"average":0}	{"invalid_count":null,"duplicate_count":null,"out_of_order_count":null}	{"max_vehicle_cap":1600,"min_registered":100,"min_trip_start_count":100,"min_trip_end_count":100,"min_telemetry_count":1000,"max_start_end_time":30,"max_enter_leave_time":30,"max_telemetry_time":86400,"max_telemetry_distance":100}
1575543120003	hour		d73fcf80-22b1-450f-b535-042b4e30aac7	scooter	{"service_start":0,"provider_drop_off":200,"trip_end":116,"cancel_reservation":32,"reserve":108,"service_end":13,"trip_start":191,"trip_enter":0,"trip_leave":0,"register":178,"provider_pick_up":0,"agency_drop_off":0,"deregister":0,"agency_pick_up":0}	{"registered":178,"deployed":0,"dead":null}	0	{"0":0,"1":0,"2":0,"3":0,"4":0,"5":0}	{"start_end":{"count":0},"enter_leave":{"count":0},"telemetry":{"count":0}}	{"count":0,"min":0,"max":0,"average":0}	{"invalid_count":null,"duplicate_count":null,"out_of_order_count":null}	{"max_vehicle_cap":1600,"min_registered":100,"min_trip_start_count":100,"min_trip_end_count":100,"min_telemetry_count":1000,"max_start_end_time":30,"max_enter_leave_time":30,"max_telemetry_time":86400,"max_telemetry_distance":100}
1575543180009	hour		c20e08cf-8488-46a6-a66c-5d8fb827f7e0	scooter	{"service_start":0,"provider_drop_off":200,"trip_end":116,"cancel_reservation":32,"reserve":108,"service_end":13,"trip_start":191,"trip_enter":0,"trip_leave":0,"register":178,"provider_pick_up":0,"agency_drop_off":0,"deregister":0,"agency_pick_up":0}	{"registered":178,"deployed":0,"dead":null}	0	{"0":0,"1":0,"2":0,"3":0,"4":0,"5":0}	{"start_end":{"count":0},"enter_leave":{"count":0},"telemetry":{"count":0}}	{"count":0,"min":0,"max":0,"average":0}	{"invalid_count":null,"duplicate_count":null,"out_of_order_count":null}	{"max_vehicle_cap":1600,"min_registered":100,"min_trip_start_count":100,"min_trip_end_count":100,"min_telemetry_count":1000,"max_start_end_time":30,"max_enter_leave_time":30,"max_telemetry_time":86400,"max_telemetry_distance":100}
1575543180009	hour		63f13c48-34ff-49d2-aca7-cf6a5b6171c3	scooter	{"service_start":0,"provider_drop_off":200,"trip_end":116,"cancel_reservation":32,"reserve":108,"service_end":13,"trip_start":191,"trip_enter":0,"trip_leave":0,"register":178,"provider_pick_up":0,"agency_drop_off":0,"deregister":0,"agency_pick_up":0}	{"registered":178,"deployed":0,"dead":null}	0	{"0":0,"1":0,"2":0,"3":0,"4":0,"5":0}	{"start_end":{"count":0},"enter_leave":{"count":0},"telemetry":{"count":0}}	{"count":0,"min":0,"max":0,"average":0}	{"invalid_count":null,"duplicate_count":null,"out_of_order_count":null}	{"max_vehicle_cap":1600,"min_registered":100,"min_trip_start_count":100,"min_trip_end_count":100,"min_telemetry_count":1000,"max_start_end_time":30,"max_enter_leave_time":30,"max_telemetry_time":86400,"max_telemetry_distance":100}
1575543180009	hour		2411d395-04f2-47c9-ab66-d09e9e3c3251	scooter	{"service_start":0,"provider_drop_off":200,"trip_end":116,"cancel_reservation":32,"reserve":108,"service_end":13,"trip_start":191,"trip_enter":0,"trip_leave":0,"register":178,"provider_pick_up":0,"agency_drop_off":0,"deregister":0,"agency_pick_up":0}	{"registered":178,"deployed":0,"dead":null}	0	{"0":0,"1":0,"2":0,"3":0,"4":0,"5":0}	{"start_end":{"count":0},"enter_leave":{"count":0},"telemetry":{"count":0}}	{"count":0,"min":0,"max":0,"average":0}	{"invalid_count":null,"duplicate_count":null,"out_of_order_count":null}	{"max_vehicle_cap":1600,"min_registered":100,"min_trip_start_count":100,"min_trip_end_count":100,"min_telemetry_count":1000,"max_start_end_time":30,"max_enter_leave_time":30,"max_telemetry_time":86400,"max_telemetry_distance":100}
1575543180009	hour		6ddcc0ad-1d66-4046-bba4-d1d96bb8ca4d	scooter	{"service_start":0,"provider_drop_off":200,"trip_end":116,"cancel_reservation":32,"reserve":108,"service_end":13,"trip_start":191,"trip_enter":0,"trip_leave":0,"register":178,"provider_pick_up":0,"agency_drop_off":0,"deregister":0,"agency_pick_up":0}	{"registered":178,"deployed":0,"dead":null}	0	{"0":0,"1":0,"2":0,"3":0,"4":0,"5":0}	{"start_end":{"count":0},"enter_leave":{"count":0},"telemetry":{"count":0}}	{"count":0,"min":0,"max":0,"average":0}	{"invalid_count":null,"duplicate_count":null,"out_of_order_count":null}	{"max_vehicle_cap":1600,"min_registered":100,"min_trip_start_count":100,"min_trip_end_count":100,"min_telemetry_count":1000,"max_start_end_time":30,"max_enter_leave_time":30,"max_telemetry_time":86400,"max_telemetry_distance":100}
1575543180009	hour		e714f168-ce56-4b41-81b7-0b6a4bd26128	scooter	{"service_start":0,"provider_drop_off":200,"trip_end":116,"cancel_reservation":32,"reserve":108,"service_end":13,"trip_start":191,"trip_enter":0,"trip_leave":0,"register":178,"provider_pick_up":0,"agency_drop_off":0,"deregister":0,"agency_pick_up":0}	{"registered":178,"deployed":0,"dead":null}	0	{"0":0,"1":0,"2":0,"3":0,"4":0,"5":0}	{"start_end":{"count":0},"enter_leave":{"count":0},"telemetry":{"count":0}}	{"count":0,"min":0,"max":0,"average":0}	{"invalid_count":null,"duplicate_count":null,"out_of_order_count":null}	{"max_vehicle_cap":1600,"min_registered":100,"min_trip_start_count":100,"min_trip_end_count":100,"min_telemetry_count":1000,"max_start_end_time":30,"max_enter_leave_time":30,"max_telemetry_time":86400,"max_telemetry_distance":100}
1575543180009	hour		d73fcf80-22b1-450f-b535-042b4e30aac7	scooter	{"service_start":0,"provider_drop_off":200,"trip_end":116,"cancel_reservation":32,"reserve":108,"service_end":13,"trip_start":191,"trip_enter":0,"trip_leave":0,"register":178,"provider_pick_up":0,"agency_drop_off":0,"deregister":0,"agency_pick_up":0}	{"registered":178,"deployed":0,"dead":null}	0	{"0":0,"1":0,"2":0,"3":0,"4":0,"5":0}	{"start_end":{"count":0},"enter_leave":{"count":0},"telemetry":{"count":0}}	{"count":0,"min":0,"max":0,"average":0}	{"invalid_count":null,"duplicate_count":null,"out_of_order_count":null}	{"max_vehicle_cap":1600,"min_registered":100,"min_trip_start_count":100,"min_trip_end_count":100,"min_telemetry_count":1000,"max_start_end_time":30,"max_enter_leave_time":30,"max_telemetry_time":86400,"max_telemetry_distance":100}